[
    {
        "assignee": "mallikarjuna",
        "boardName": "Mallikarjuna board",
        "comments": [
            {
                "comment": "comment1",
                "commentedAt": "2020-01-28T06:25:49.494Z",
                "commentedBy": "mallikarjuna"
            }
        ],
        "createdAt": "27-01-2020 12:00:23",
        "createdBy": "mallikarjuna",
        "description": "description of the issue we are about to create",
        "estimatedHours": 10,
        "hoursSpent": 2,
        "id": "1",
        "issueType": "string",
        "linkedBy": "string",
        "priority": "Low",
        "projectName": "Mallikarjuna Ltd",
        "remainingHours": 0,
        "status": "In Progress",
        "summary": "summary for the issue.",
        "updatedAt": "2020-01-28T06:25:49.494Z"
    },
    {
        "assignee": "Siva Gopi",
        "boardName": "Mallikarjuna board",
        "comments": [
            {
                "comment": "string",
                "commentedAt": "2020-01-28T06:25:49.494Z",
                "commentedBy": "string"
            }
        ],
        "createdAt": "dd-MM-yyyy HH:mm:ss",
        "createdBy": "string",
        "description": "description of the issue we are about to create",
        "estimatedHours": 0,
        "hoursSpent": 0,
        "id": "2",
        "issueType": "string",
        "linkedBy": "string",
        "priority": "Minor",
        "projectName": "Mallikarjuna Ltd",
        "remainingHours": 0,
        "status": "Done",
        "summary": "summary for the issue.",
        "updatedAt": "2020-01-28T06:25:49.494Z"
    },
    {
        "assignee": "string",
        "boardName": "Mallikarjuna board",
        "comments": [
            {
                "comment": "string",
                "commentedAt": "2020-01-28T06:25:49.494Z",
                "commentedBy": "string"
            }
        ],
        "createdAt": "dd-MM-yyyy HH:mm:ss",
        "createdBy": "string",
        "description": "description of the issue we are about to create",
        "estimatedHours": 0,
        "hoursSpent": 0,
        "id": "3",
        "issueType": "string",
        "linkedBy": "string",
        "priority": "Critical",
        "projectName": "Mallikarjuna Ltd",
        "remainingHours": 0,
        "status": "To Do",
        "summary": "summary for the issue.",
        "updatedAt": "2020-01-28T06:25:49.494Z"
    },
    {
        "assignee": "string",
        "boardName": "Mallikarjuna board",
        "comments": [
            {
                "comment": "string",
                "commentedAt": "2020-01-28T06:25:49.494Z",
                "commentedBy": "string"
            }
        ],
        "createdAt": "dd-MM-yyyy HH:mm:ss",
        "createdBy": "string",
        "description": "description of the issue we are about to create",
        "estimatedHours": 0,
        "hoursSpent": 0,
        "id": "4",
        "issueType": "string",
        "linkedBy": "string",
        "priority": "Major",
        "projectName": "Mallikarjuna Ltd",
        "remainingHours": 0,
        "status": "In Progress",
        "summary": "summary for the issue.",
        "updatedAt": "2020-01-28T06:25:49.494Z"
    },
    {
        "assignee": "string",
        "boardName": "Mallikarjuna board",
        "comments": [
            {
                "comment": "string",
                "commentedAt": "2020-01-28T06:25:49.494Z",
                "commentedBy": "string"
            }
        ],
        "createdAt": "dd-MM-yyyy HH:mm:ss",
        "createdBy": "string",
        "description": "description of the issue we are about to create",
        "estimatedHours": 0,
        "hoursSpent": 0,
        "id": "5",
        "issueType": "string",
        "linkedBy": "string",
        "priority": "Blocker",
        "projectName": "Mallikarjuna Ltd",
        "remainingHours": 0,
        "status": "To Do",
        "summary": "summary for the issue.",
        "updatedAt": "2020-01-28T06:25:49.494Z"
    },
    {
        "assignee": "string",
        "boardName": "Mallikarjuna board",
        "comments": [
            {
                "comment": "string",
                "commentedAt": "2020-01-28T06:25:49.494Z",
                "commentedBy": "string"
            }
        ],
        "createdAt": "dd-MM-yyyy HH:mm:ss",
        "createdBy": "string",
        "description": "description of the issue we are about to create",
        "estimatedHours": 0,
        "hoursSpent": 0,
        "id": "6",
        "issueType": "string",
        "linkedBy": "string",
        "priority": "Low",
        "projectName": "Mallikarjuna Ltd",
        "remainingHours": 0,
        "status": "string",
        "summary": "summary for the issue.",
        "updatedAt": "2020-01-28T06:25:49.494Z"
    }
]