[
    {
        "id": 1,
        "sprintName": "mallikarjuna 10-12-2020 to 22-12-2020",
        "startDate": "2020-12-10",
        "endDate": "2020-12-22",
        "projectName": "mallikarjuna",
        "boardName": "mallikarjuna"
    },
    {
        "id": 2,
        "sprintName": "mallikarjuna2 10-12-2020 to 22-12-2020",
        "startDate": "2020-12-10",
        "endDate": "2020-12-22",
        "projectName": "mallikarjuna2",
        "boardName": "mallikarjuna2"
    },
    {
        "id": 3,
        "sprintName": "mallikarjuna3 10-12-2020 to 22-12-2020",
        "startDate": "2020-12-10",
        "endDate": "2020-12-22",
        "projectName": "mallikarjuna3",
        "boardName": "mallikarjuna3"
    }
]