[
    {
        "emailId": "malli@gmail.com",
        "password": "malli",
        "projectName": "mallikarjuna",
        "updatedAt": "2020-01-28 06:25:49",
        "userId": 1,
        "userName": "malli"
      },
      {
        "emailId": "siva@gmail.com",
        "password": "siva",
        "projectName": "mallikarjuna",
        "updatedAt": "2020-01-28 06:25:49",
        "userId": 2,
        "userName": "siva"
      },
      {
        "emailId": "madhurya@gmail.com",
        "password": "madhurya",
        "projectName": "mallikarjuna",
        "updatedAt": "2020-01-28 06:25:49",
        "userId": 3,
        "userName": "madhurya"
      },
      {
        "emailId": "vaishnavi@gmail.com",
        "password": "vaishnavi",
        "projectName": "mallikarjuna",
        "updatedAt": "2020-01-28 06:25:49",
        "userId": 4,
        "userName": "vaishnavi"
      }
]